{".state.json": 1724141195.6711793, ".timestamp": 1724140859.5437732, "danish\\encodings.pickle": 1724140051.0048347, "nishchay\\man-8078578_640.jpg": 1721902361.0959728, "nishchay\\man-8078578_640_11mrWug.jpg": 1721903976.0946112, "nishchay\\man-8078578_640_32k0I5P.jpg": 1721905839.7401886, "nishchay\\man-8078578_640_9aPn7k7.jpg": 1721900697.786378, "nishchay\\man-8078578_640_c9CJ8qz.jpg": 1721902361.0882764, "nishchay\\man-8078578_640_DThdS5u.jpg": 1721902769.146914, "nishchay\\man-8078578_640_fBCjupq.jpg": 1721902691.1447473, "nishchay\\man-8078578_640_Ht1oiLf.jpg": 1721904149.5802903, "nishchay\\man-8078578_640_QcKXhVu.jpg": 1721903163.582864, "nishchay\\man-8078578_640_T6J71S8.jpg": 1721904187.5698974, "nishchay\\man-8078578_640_vIChjW7.jpg": 1721901293.2633653, "nishchay\\man-8078578_640_Y2YbReg.jpg": 1721904305.2627552, "sanika\\encodings.pickle": 1724077223.988986, "sham\\encodings.pickle": 1724065042.7205553, "shivraj\\encodings.pickle": 1724069322.2979307, "test1\\pexels-simon-robben-55958-614810.jpg": 1722247486.0035899, "test10\\pexels-italo-melo-881954-2379005.jpg": 1722511796.9480712, "test100\\CAP3863210901810141135.jpg": 1723283693.4490542, "test100\\encodings.pickle": 1723283695.176234, "test11\\encodings.pickle": 1722604081.2195477, "test11\\img1.jpg": 1722604079.9324195, "test111\\man-8078578_640.jpg": 1722938098.407402, "test111\\pexels-simon-robben-55958-614810.jpg": 1722938084.1575656, "test4\\encodings.pickle": 1724069036.2121851, "test4\\img1.jpg": 1724069084.0110922, "test5\\man-8078578_640.jpg": 1721829128.9508636, "test5\\man-8078578_640_C27Jul5.jpg": 1721829128.9508636, "test7\\imansyah-muhamad-putera-n4KewLKFOZw-unsplash.jpg": 1722249895.907998}